CustomerId,is_high_risk_pred
CustomerId_1,1
CustomerId_10,1
CustomerId_1001,1
CustomerId_1002,0
CustomerId_1003,0
CustomerId_1004,1
CustomerId_1005,1
CustomerId_1006,1
CustomerId_1007,1
CustomerId_1008,1
CustomerId_1009,0
CustomerId_1010,1
CustomerId_1012,0
CustomerId_1014,1
CustomerId_1016,0
CustomerId_1020,0
CustomerId_1021,1
CustomerId_1022,0
CustomerId_1025,0
CustomerId_1027,0
CustomerId_1028,0
CustomerId_1029,0
CustomerId_1030,0
CustomerId_1031,0
CustomerId_1032,0
CustomerId_1033,1
CustomerId_1034,0
CustomerId_1036,1
CustomerId_1038,0
CustomerId_1039,0
CustomerId_1040,1
CustomerId_1043,1
CustomerId_1044,1
CustomerId_1048,1
CustomerId_1050,1
CustomerId_1052,0
CustomerId_1053,1
CustomerId_1054,0
CustomerId_1055,1
CustomerId_1056,1
CustomerId_1057,1
CustomerId_1058,0
CustomerId_1059,0
CustomerId_1063,0
CustomerId_1064,0
CustomerId_1068,1
CustomerId_1070,0
CustomerId_1071,0
CustomerId_1073,1
CustomerId_1074,0
CustomerId_1078,1
CustomerId_1079,1
CustomerId_1080,0
CustomerId_1081,0
CustomerId_1082,1
CustomerId_1083,0
CustomerId_1084,1
CustomerId_1085,1
CustomerId_1086,0
CustomerId_1087,0
CustomerId_1089,0
CustomerId_1091,0
CustomerId_1092,0
CustomerId_1093,0
CustomerId_1094,0
CustomerId_1095,0
CustomerId_1096,0
CustomerId_1098,0
CustomerId_1099,0
CustomerId_11,1
CustomerId_1101,1
CustomerId_1102,0
CustomerId_1103,1
CustomerId_1104,0
CustomerId_1105,0
CustomerId_1106,1
CustomerId_1108,0
CustomerId_1109,1
CustomerId_1111,1
CustomerId_1112,0
CustomerId_1113,1
CustomerId_1114,0
CustomerId_1116,0
CustomerId_1117,1
CustomerId_1118,0
CustomerId_1119,0
CustomerId_1120,1
CustomerId_1121,0
CustomerId_1122,1
CustomerId_1123,1
CustomerId_1124,0
CustomerId_1125,0
CustomerId_1127,0
CustomerId_1129,1
CustomerId_1130,1
CustomerId_1131,0
CustomerId_1134,0
CustomerId_1135,0
CustomerId_1137,1
CustomerId_1140,1
CustomerId_1141,0
CustomerId_1145,1
CustomerId_1146,1
CustomerId_1147,0
CustomerId_1150,1
CustomerId_1153,1
CustomerId_1154,0
CustomerId_1156,0
CustomerId_1158,1
CustomerId_1159,0
CustomerId_1160,0
CustomerId_1161,0
CustomerId_1162,0
CustomerId_1163,0
CustomerId_1164,1
CustomerId_1165,0
CustomerId_1169,0
CustomerId_1170,0
CustomerId_1171,1
CustomerId_1172,0
CustomerId_1174,1
CustomerId_1175,0
CustomerId_1177,0
CustomerId_1179,0
CustomerId_1180,0
CustomerId_1182,0
CustomerId_1183,0
CustomerId_1184,1
CustomerId_1186,1
CustomerId_1187,1
CustomerId_1189,1
CustomerId_1190,0
CustomerId_1191,0
CustomerId_1192,0
CustomerId_1193,1
CustomerId_1194,1
CustomerId_1195,1
CustomerId_1196,1
CustomerId_1197,1
CustomerId_1198,1
CustomerId_12,1
CustomerId_1200,1
CustomerId_1201,0
CustomerId_1202,0
CustomerId_1203,0
CustomerId_1204,1
CustomerId_1208,1
CustomerId_1209,0
CustomerId_1210,1
CustomerId_1211,1
CustomerId_1212,1
CustomerId_1214,0
CustomerId_1215,1
CustomerId_1217,1
CustomerId_1218,0
CustomerId_1219,0
CustomerId_1220,0
CustomerId_1221,0
CustomerId_1222,0
CustomerId_1223,0
CustomerId_1224,0
CustomerId_1225,0
CustomerId_1226,1
CustomerId_1227,0
CustomerId_1228,0
CustomerId_1229,0
CustomerId_1231,1
CustomerId_1232,0
CustomerId_1233,0
CustomerId_1234,1
CustomerId_1235,1
CustomerId_1236,1
CustomerId_1237,0
CustomerId_1238,0
CustomerId_1240,1
CustomerId_1241,0
CustomerId_1242,0
CustomerId_1244,1
CustomerId_1245,0
CustomerId_1246,0
CustomerId_1247,0
CustomerId_1250,0
CustomerId_1252,0
CustomerId_1253,0
CustomerId_1256,0
CustomerId_1257,0
CustomerId_1258,0
CustomerId_1259,1
CustomerId_1260,0
CustomerId_1262,0
CustomerId_1263,1
CustomerId_1265,0
CustomerId_1266,0
CustomerId_1267,0
CustomerId_1268,0
CustomerId_1269,1
CustomerId_1270,0
CustomerId_1271,0
CustomerId_1272,1
CustomerId_1273,1
CustomerId_1274,1
CustomerId_1275,0
CustomerId_1276,0
CustomerId_1277,0
CustomerId_1279,1
CustomerId_1280,0
CustomerId_1281,0
CustomerId_1282,0
CustomerId_1283,1
CustomerId_1285,1
CustomerId_1286,0
CustomerId_1287,1
CustomerId_1288,0
CustomerId_1294,0
CustomerId_1295,1
CustomerId_1296,1
CustomerId_1297,1
CustomerId_1298,0
CustomerId_1299,0
CustomerId_13,1
CustomerId_1300,0
CustomerId_1301,0
CustomerId_1302,0
CustomerId_1303,0
CustomerId_1304,0
CustomerId_1306,1
CustomerId_1307,0
CustomerId_1308,0
CustomerId_1310,0
CustomerId_1311,0
CustomerId_1312,0
CustomerId_1313,1
CustomerId_1316,0
CustomerId_1317,0
CustomerId_1318,1
CustomerId_1320,1
CustomerId_1321,1
CustomerId_1322,1
CustomerId_1323,0
CustomerId_1324,0
CustomerId_1325,1
CustomerId_1326,1
CustomerId_1328,0
CustomerId_1329,0
CustomerId_1330,0
CustomerId_1331,0
CustomerId_1332,1
CustomerId_1335,0
CustomerId_1338,1
CustomerId_1339,1
CustomerId_1341,1
CustomerId_1343,1
CustomerId_1349,1
CustomerId_1351,1
CustomerId_1353,0
CustomerId_1355,1
CustomerId_1356,1
CustomerId_1357,0
CustomerId_1358,0
CustomerId_1359,0
CustomerId_1360,1
CustomerId_1361,1
CustomerId_1362,0
CustomerId_1363,1
CustomerId_1365,0
CustomerId_1366,0
CustomerId_1367,0
CustomerId_1369,1
CustomerId_1370,1
CustomerId_1372,0
CustomerId_1373,1
CustomerId_1375,0
CustomerId_1376,1
CustomerId_1377,0
CustomerId_1378,0
CustomerId_1379,1
CustomerId_1380,0
CustomerId_1381,1
CustomerId_1382,0
CustomerId_1384,0
CustomerId_1385,0
CustomerId_1386,1
CustomerId_1387,0
CustomerId_1389,1
CustomerId_1390,0
CustomerId_1392,1
CustomerId_1393,1
CustomerId_1394,1
CustomerId_1395,0
CustomerId_1396,1
CustomerId_1397,0
CustomerId_1398,0
CustomerId_14,1
CustomerId_1400,1
CustomerId_1402,0
CustomerId_1404,0
CustomerId_1406,1
CustomerId_1407,0
CustomerId_1408,1
CustomerId_1409,0
CustomerId_1410,0
CustomerId_1411,0
CustomerId_1413,0
CustomerId_1414,0
CustomerId_1415,0
CustomerId_1417,0
CustomerId_1418,0
CustomerId_1419,0
CustomerId_1420,1
CustomerId_1421,0
CustomerId_1422,1
CustomerId_1423,1
CustomerId_1424,0
CustomerId_1425,0
CustomerId_1426,1
CustomerId_1427,1
CustomerId_1429,0
CustomerId_1431,1
CustomerId_1432,1
CustomerId_1435,0
CustomerId_1436,1
CustomerId_1437,1
CustomerId_1438,0
CustomerId_1439,1
CustomerId_1440,0
CustomerId_1441,1
CustomerId_1442,0
CustomerId_1443,0
CustomerId_1444,1
CustomerId_1445,0
CustomerId_1447,1
CustomerId_1448,0
CustomerId_1449,0
CustomerId_1450,0
CustomerId_1451,0
CustomerId_1452,0
CustomerId_1453,0
CustomerId_1454,0
CustomerId_1455,1
CustomerId_1458,1
CustomerId_1459,1
CustomerId_1461,0
CustomerId_1464,0
CustomerId_1466,0
CustomerId_1467,0
CustomerId_1468,0
CustomerId_1472,0
CustomerId_1474,1
CustomerId_1475,1
CustomerId_1476,1
CustomerId_1477,0
CustomerId_1478,0
CustomerId_1479,0
CustomerId_1480,0
CustomerId_1481,1
CustomerId_1482,1
CustomerId_1483,1
CustomerId_1484,0
CustomerId_1485,0
CustomerId_1486,0
CustomerId_1487,1
CustomerId_1488,0
CustomerId_1489,1
CustomerId_1490,1
CustomerId_1492,1
CustomerId_1494,0
CustomerId_1495,1
CustomerId_1496,1
CustomerId_1498,0
CustomerId_1499,1
CustomerId_15,1
CustomerId_1501,0
CustomerId_1502,1
CustomerId_1503,0
CustomerId_1504,0
CustomerId_1505,0
CustomerId_1506,1
CustomerId_1507,0
CustomerId_1508,0
CustomerId_1509,0
CustomerId_1510,1
CustomerId_1511,0
CustomerId_1512,0
CustomerId_1513,1
CustomerId_1514,1
CustomerId_1515,0
CustomerId_1516,0
CustomerId_1517,0
CustomerId_1518,1
CustomerId_1520,0
CustomerId_1521,1
CustomerId_1523,0
CustomerId_1524,0
CustomerId_1525,1
CustomerId_1526,0
CustomerId_1528,1
CustomerId_1529,1
CustomerId_1531,1
CustomerId_1532,1
CustomerId_1533,0
CustomerId_1535,0
CustomerId_1537,0
CustomerId_1538,0
CustomerId_1540,1
CustomerId_1541,1
CustomerId_1542,0
CustomerId_1543,0
CustomerId_1545,0
CustomerId_1546,0
CustomerId_1547,1
CustomerId_1550,0
CustomerId_1554,0
CustomerId_1557,0
CustomerId_1561,0
CustomerId_1562,1
CustomerId_1564,1
CustomerId_1565,1
CustomerId_1566,0
CustomerId_1567,0
CustomerId_1568,0
CustomerId_1569,0
CustomerId_1570,1
CustomerId_1571,1
CustomerId_1572,0
CustomerId_1573,1
CustomerId_1576,1
CustomerId_1577,1
CustomerId_1578,1
CustomerId_1579,0
CustomerId_1580,1
CustomerId_1581,0
CustomerId_1583,0
CustomerId_1584,0
CustomerId_1587,1
CustomerId_1588,0
CustomerId_1591,0
CustomerId_1593,0
CustomerId_1594,0
CustomerId_1595,1
CustomerId_1597,1
CustomerId_1599,0
CustomerId_1601,1
CustomerId_1602,0
CustomerId_1604,1
CustomerId_1605,1
CustomerId_1608,1
CustomerId_1609,1
CustomerId_1610,0
CustomerId_1611,1
CustomerId_1612,0
CustomerId_1613,0
CustomerId_1614,1
CustomerId_1615,0
CustomerId_1617,0
CustomerId_1618,0
CustomerId_1619,1
CustomerId_1620,0
CustomerId_1621,0
CustomerId_1622,0
CustomerId_1623,0
CustomerId_1624,1
CustomerId_1625,1
CustomerId_1626,0
CustomerId_1627,0
CustomerId_1629,1
CustomerId_1632,0
CustomerId_1634,1
CustomerId_1635,0
CustomerId_1636,0
CustomerId_1637,0
CustomerId_1638,1
CustomerId_1639,0
CustomerId_1640,1
CustomerId_1641,1
CustomerId_1642,1
CustomerId_1643,1
CustomerId_1645,0
CustomerId_1646,1
CustomerId_1647,0
CustomerId_1649,0
CustomerId_1651,0
CustomerId_1652,1
CustomerId_1653,0
CustomerId_1655,0
CustomerId_1656,0
CustomerId_1657,1
CustomerId_1658,0
CustomerId_1659,1
CustomerId_1660,1
CustomerId_1661,0
CustomerId_1663,0
CustomerId_1664,1
CustomerId_1666,0
CustomerId_1669,0
CustomerId_1670,1
CustomerId_1671,1
CustomerId_1672,0
CustomerId_1674,1
CustomerId_1676,0
CustomerId_1679,1
CustomerId_1680,0
CustomerId_1681,0
CustomerId_1683,0
CustomerId_1684,0
CustomerId_1686,0
CustomerId_1687,1
CustomerId_1688,0
CustomerId_1690,1
CustomerId_1692,0
CustomerId_1694,0
CustomerId_1695,0
CustomerId_1696,0
CustomerId_1697,0
CustomerId_1698,0
CustomerId_1699,0
CustomerId_1701,0
CustomerId_1702,1
CustomerId_1703,1
CustomerId_1705,0
CustomerId_1707,0
CustomerId_1708,0
CustomerId_1709,0
CustomerId_1710,0
CustomerId_1712,1
CustomerId_1713,0
CustomerId_1714,1
CustomerId_1716,1
CustomerId_1717,0
CustomerId_1719,0
CustomerId_1720,1
CustomerId_1721,1
CustomerId_1722,0
CustomerId_1723,1
CustomerId_1724,0
CustomerId_1725,1
CustomerId_1726,1
CustomerId_1728,1
CustomerId_1729,0
CustomerId_1730,0
CustomerId_1731,1
CustomerId_1732,1
CustomerId_1733,0
CustomerId_1735,0
CustomerId_1736,0
CustomerId_1738,0
CustomerId_1739,0
CustomerId_1741,1
CustomerId_1742,0
CustomerId_1744,0
CustomerId_1748,0
CustomerId_1749,0
CustomerId_1750,0
CustomerId_1752,0
CustomerId_1753,1
CustomerId_1754,1
CustomerId_1755,1
CustomerId_1756,1
CustomerId_1757,1
CustomerId_1758,0
CustomerId_1759,0
CustomerId_1762,0
CustomerId_1763,0
CustomerId_1764,1
CustomerId_1767,0
CustomerId_1768,0
CustomerId_1769,1
CustomerId_1770,0
CustomerId_1773,0
CustomerId_1774,0
CustomerId_1776,1
CustomerId_1782,0
CustomerId_1784,0
CustomerId_1786,0
CustomerId_1790,0
CustomerId_1791,0
CustomerId_1792,1
CustomerId_1794,1
CustomerId_1795,0
CustomerId_1797,1
CustomerId_1798,0
CustomerId_1800,0
CustomerId_1801,0
CustomerId_1802,0
CustomerId_1805,1
CustomerId_1806,1
CustomerId_1807,1
CustomerId_1809,1
CustomerId_1810,0
CustomerId_1811,1
CustomerId_1812,0
CustomerId_1813,1
CustomerId_1815,0
CustomerId_1817,1
CustomerId_1820,0
CustomerId_1821,0
CustomerId_1825,0
CustomerId_1827,1
CustomerId_1828,1
CustomerId_1830,1
CustomerId_1831,0
CustomerId_1833,1
CustomerId_1835,1
CustomerId_1836,0
CustomerId_1838,0
CustomerId_1839,1
CustomerId_1841,0
CustomerId_1843,1
CustomerId_1844,1
CustomerId_1845,0
CustomerId_1846,0
CustomerId_1848,0
CustomerId_1849,0
CustomerId_1850,0
CustomerId_1852,0
CustomerId_1853,1
CustomerId_1855,0
CustomerId_1856,0
CustomerId_1858,0
CustomerId_1859,1
CustomerId_1860,0
CustomerId_1861,1
CustomerId_1862,1
CustomerId_1864,0
CustomerId_1867,0
CustomerId_1870,1
CustomerId_1871,0
CustomerId_1872,0
CustomerId_1873,1
CustomerId_1874,0
CustomerId_1875,0
CustomerId_1876,1
CustomerId_1877,0
CustomerId_1879,1
CustomerId_1881,0
CustomerId_1882,0
CustomerId_1884,1
CustomerId_1885,0
CustomerId_1886,1
CustomerId_1887,1
CustomerId_1888,1
CustomerId_1889,0
CustomerId_1890,0
CustomerId_1891,1
CustomerId_1892,0
CustomerId_1895,1
CustomerId_1898,0
CustomerId_1899,0
CustomerId_1900,1
CustomerId_1901,0
CustomerId_1903,0
CustomerId_1906,0
CustomerId_1907,1
CustomerId_1908,0
CustomerId_1911,0
CustomerId_1913,1
CustomerId_1914,1
CustomerId_1915,0
CustomerId_1916,0
CustomerId_1917,1
CustomerId_1918,1
CustomerId_1919,1
CustomerId_1922,0
CustomerId_1923,0
CustomerId_1925,0
CustomerId_1927,0
CustomerId_1928,0
CustomerId_1929,0
CustomerId_1930,1
CustomerId_1931,0
CustomerId_1932,1
CustomerId_1935,1
CustomerId_1937,0
CustomerId_1938,0
CustomerId_1942,1
CustomerId_1943,0
CustomerId_1944,0
CustomerId_1945,0
CustomerId_1946,0
CustomerId_1947,1
CustomerId_1950,1
CustomerId_1951,1
CustomerId_1956,0
CustomerId_1961,0
CustomerId_1963,1
CustomerId_1965,0
CustomerId_1966,1
CustomerId_1967,0
CustomerId_1968,0
CustomerId_1969,0
CustomerId_1970,0
CustomerId_1971,1
CustomerId_1972,1
CustomerId_1973,0
CustomerId_1974,0
CustomerId_1975,1
CustomerId_1976,0
CustomerId_1978,0
CustomerId_1979,1
CustomerId_1980,0
CustomerId_1981,1
CustomerId_1983,1
CustomerId_1984,0
CustomerId_1985,0
CustomerId_1986,1
CustomerId_1987,0
CustomerId_1988,0
CustomerId_1990,0
CustomerId_1991,0
CustomerId_1994,0
CustomerId_1995,0
CustomerId_1996,0
CustomerId_1997,1
CustomerId_1998,0
CustomerId_1999,0
CustomerId_2,1
CustomerId_2001,1
CustomerId_2002,0
CustomerId_2003,0
CustomerId_2004,1
CustomerId_2006,1
CustomerId_2007,1
CustomerId_2008,1
CustomerId_2009,0
CustomerId_2012,1
CustomerId_2013,0
CustomerId_2014,0
CustomerId_2015,0
CustomerId_2016,1
CustomerId_2017,0
CustomerId_2018,0
CustomerId_2019,1
CustomerId_2020,0
CustomerId_2022,1
CustomerId_2025,0
CustomerId_2029,0
CustomerId_2030,0
CustomerId_2032,0
CustomerId_2033,0
CustomerId_2034,0
CustomerId_2035,0
CustomerId_2036,1
CustomerId_2039,1
CustomerId_2040,0
CustomerId_2041,0
CustomerId_2042,0
CustomerId_2046,1
CustomerId_2048,0
CustomerId_2049,1
CustomerId_2051,0
CustomerId_2052,0
CustomerId_2053,0
CustomerId_2054,0
CustomerId_2055,0
CustomerId_2056,1
CustomerId_2057,1
CustomerId_2059,1
CustomerId_2061,0
CustomerId_2062,0
CustomerId_2063,0
CustomerId_2064,0
CustomerId_2065,0
CustomerId_2067,0
CustomerId_2068,0
CustomerId_2069,0
CustomerId_2071,0
CustomerId_2072,0
CustomerId_2073,1
CustomerId_2074,1
CustomerId_2075,0
CustomerId_2076,1
CustomerId_2078,0
CustomerId_2081,1
CustomerId_2083,0
CustomerId_2085,1
CustomerId_2086,0
CustomerId_2089,1
CustomerId_2093,0
CustomerId_2094,0
CustomerId_2095,0
CustomerId_2097,0
CustomerId_2098,1
CustomerId_2099,1
CustomerId_2101,1
CustomerId_2102,1
CustomerId_2103,1
CustomerId_2104,1
CustomerId_2105,0
CustomerId_2106,0
CustomerId_2107,0
CustomerId_2108,0
CustomerId_2109,1
CustomerId_2110,1
CustomerId_2111,0
CustomerId_2115,0
CustomerId_2116,1
CustomerId_2117,0
CustomerId_2120,0
CustomerId_2122,0
CustomerId_2123,1
CustomerId_2126,0
CustomerId_2127,0
CustomerId_2130,0
CustomerId_2133,0
CustomerId_2134,0
CustomerId_2135,0
CustomerId_2136,1
CustomerId_2137,0
CustomerId_2138,0
CustomerId_2139,1
CustomerId_2140,0
CustomerId_2141,1
CustomerId_2142,0
CustomerId_2143,1
CustomerId_2144,1
CustomerId_2145,0
CustomerId_2147,0
CustomerId_2148,0
CustomerId_2149,0
CustomerId_2150,0
CustomerId_2151,1
CustomerId_2152,0
CustomerId_2153,0
CustomerId_2154,0
CustomerId_2155,1
CustomerId_2156,1
CustomerId_2157,1
CustomerId_2158,1
CustomerId_2159,0
CustomerId_2165,1
CustomerId_2166,1
CustomerId_2167,0
CustomerId_2169,0
CustomerId_2170,0
CustomerId_2171,0
CustomerId_2172,0
CustomerId_2173,0
CustomerId_2175,0
CustomerId_2176,0
CustomerId_2178,0
CustomerId_2179,1
CustomerId_2181,1
CustomerId_2183,1
CustomerId_2184,1
CustomerId_2186,0
CustomerId_2187,0
CustomerId_2188,1
CustomerId_2190,0
CustomerId_2191,1
CustomerId_2192,0
CustomerId_2198,1
CustomerId_2204,0
CustomerId_2205,0
CustomerId_2206,1
CustomerId_2207,1
CustomerId_2211,1
CustomerId_2212,0
CustomerId_2213,0
CustomerId_2214,0
CustomerId_2215,1
CustomerId_2216,0
CustomerId_2217,0
CustomerId_2218,0
CustomerId_2219,1
CustomerId_2221,0
CustomerId_2223,0
CustomerId_2224,1
CustomerId_2226,0
CustomerId_2227,0
CustomerId_2230,0
CustomerId_2231,0
CustomerId_2232,1
CustomerId_2233,0
CustomerId_2239,1
CustomerId_2243,1
CustomerId_2244,0
CustomerId_2245,1
CustomerId_2246,1
CustomerId_2247,1
CustomerId_2250,0
CustomerId_2253,1
CustomerId_2254,1
CustomerId_2256,1
CustomerId_2258,1
CustomerId_2260,0
CustomerId_2261,0
CustomerId_2262,1
CustomerId_2263,0
CustomerId_2265,1
CustomerId_2266,0
CustomerId_2267,1
CustomerId_2268,0
CustomerId_2269,1
CustomerId_2272,1
CustomerId_2273,0
CustomerId_2275,1
CustomerId_2276,0
CustomerId_2277,0
CustomerId_2279,0
CustomerId_2280,1
CustomerId_2281,0
CustomerId_2282,0
CustomerId_2283,0
CustomerId_2284,0
CustomerId_2286,1
CustomerId_2287,1
CustomerId_2288,0
CustomerId_2289,0
CustomerId_2290,1
CustomerId_2291,1
CustomerId_2292,1
CustomerId_2294,1
CustomerId_2295,0
CustomerId_2296,0
CustomerId_2297,0
CustomerId_2298,1
CustomerId_2299,0
CustomerId_2300,1
CustomerId_2301,0
CustomerId_2302,0
CustomerId_2303,0
CustomerId_2305,0
CustomerId_2306,0
CustomerId_2307,0
CustomerId_2308,0
CustomerId_2309,0
CustomerId_2310,0
CustomerId_2311,1
CustomerId_2313,0
CustomerId_2315,0
CustomerId_2317,1
CustomerId_2321,0
CustomerId_2322,0
CustomerId_2323,0
CustomerId_2324,1
CustomerId_2325,0
CustomerId_2326,0
CustomerId_2327,1
CustomerId_2328,0
CustomerId_2329,0
CustomerId_2330,0
CustomerId_2332,0
CustomerId_2333,1
CustomerId_2334,1
CustomerId_2335,1
CustomerId_2336,1
CustomerId_2338,0
CustomerId_2340,0
CustomerId_2341,1
CustomerId_2342,0
CustomerId_2343,0
CustomerId_2344,1
CustomerId_2345,1
CustomerId_2346,1
CustomerId_2347,0
CustomerId_2348,0
CustomerId_2349,0
CustomerId_2352,0
CustomerId_2353,0
CustomerId_2356,1
CustomerId_2357,1
CustomerId_2359,0
CustomerId_2360,1
CustomerId_2361,0
CustomerId_2362,1
CustomerId_2363,0
CustomerId_2365,0
CustomerId_2366,1
CustomerId_2368,0
CustomerId_2369,1
CustomerId_2371,1
CustomerId_2372,0
CustomerId_2373,0
CustomerId_2374,0
CustomerId_2375,0
CustomerId_2376,1
CustomerId_2381,1
CustomerId_2384,0
CustomerId_2386,1
CustomerId_2388,1
CustomerId_2389,1
CustomerId_2391,0
CustomerId_2393,0
CustomerId_2396,1
CustomerId_2397,1
CustomerId_2398,1
CustomerId_2400,1
CustomerId_2401,0
CustomerId_2402,0
CustomerId_2403,0
CustomerId_2404,1
CustomerId_2405,0
CustomerId_2406,0
CustomerId_2407,1
CustomerId_2408,1
CustomerId_2409,1
CustomerId_2414,0
CustomerId_2415,0
CustomerId_2416,1
CustomerId_2417,0
CustomerId_2419,0
CustomerId_2420,1
CustomerId_2422,0
CustomerId_2423,0
CustomerId_2424,0
CustomerId_2425,0
CustomerId_2426,1
CustomerId_2427,0
CustomerId_2428,0
CustomerId_2431,0
CustomerId_2432,1
CustomerId_2433,0
CustomerId_2434,0
CustomerId_2435,0
CustomerId_2436,1
CustomerId_2437,1
CustomerId_2438,1
CustomerId_2440,0
CustomerId_2441,0
CustomerId_2443,1
CustomerId_2444,0
CustomerId_2445,0
CustomerId_2446,1
CustomerId_2447,1
CustomerId_2451,1
CustomerId_2454,0
CustomerId_2455,1
CustomerId_2456,0
CustomerId_2457,0
CustomerId_2458,1
CustomerId_2459,0
CustomerId_2461,1
CustomerId_2462,0
CustomerId_2463,1
CustomerId_2465,1
CustomerId_2468,1
CustomerId_2469,0
CustomerId_2470,1
CustomerId_2471,0
CustomerId_2474,0
CustomerId_2477,0
CustomerId_2480,0
CustomerId_2481,0
CustomerId_2482,0
CustomerId_2485,0
CustomerId_2488,0
CustomerId_2489,0
CustomerId_2490,0
CustomerId_2491,0
CustomerId_2492,1
CustomerId_2493,0
CustomerId_2494,0
CustomerId_2495,1
CustomerId_2496,0
CustomerId_2497,1
CustomerId_2498,0
CustomerId_2501,0
CustomerId_2503,1
CustomerId_2504,0
CustomerId_2505,0
CustomerId_2506,0
CustomerId_2508,0
CustomerId_2512,1
CustomerId_2513,1
CustomerId_2514,0
CustomerId_2515,0
CustomerId_2519,0
CustomerId_2520,0
CustomerId_2522,1
CustomerId_2523,1
CustomerId_2525,1
CustomerId_2526,0
CustomerId_2527,1
CustomerId_2528,0
CustomerId_2529,0
CustomerId_2530,1
CustomerId_2531,0
CustomerId_2532,0
CustomerId_2534,1
CustomerId_2535,1
CustomerId_2536,0
CustomerId_2537,0
CustomerId_2538,1
CustomerId_2539,0
CustomerId_2541,0
CustomerId_2543,1
CustomerId_2544,0
CustomerId_2545,0
CustomerId_2546,0
CustomerId_2548,1
CustomerId_2549,0
CustomerId_2550,0
CustomerId_2552,1
CustomerId_2554,1
CustomerId_2555,1
CustomerId_2556,1
CustomerId_2557,0
CustomerId_2558,1
CustomerId_2559,0
CustomerId_2560,0
CustomerId_2561,0
CustomerId_2562,0
CustomerId_2564,0
CustomerId_2565,0
CustomerId_2569,1
CustomerId_2570,1
CustomerId_2571,0
CustomerId_2572,0
CustomerId_2574,0
CustomerId_2576,1
CustomerId_2577,1
CustomerId_2579,0
CustomerId_2580,1
CustomerId_2582,1
CustomerId_2584,0
CustomerId_2587,0
CustomerId_2588,1
CustomerId_2589,1
CustomerId_2591,1
CustomerId_2592,0
CustomerId_2594,0
CustomerId_2595,1
CustomerId_2596,1
CustomerId_2597,0
CustomerId_2598,1
CustomerId_2599,0
CustomerId_2600,0
CustomerId_2601,0
CustomerId_2602,1
CustomerId_2603,0
CustomerId_2604,0
CustomerId_2605,0
CustomerId_2607,0
CustomerId_2609,1
CustomerId_2610,0
CustomerId_2612,0
CustomerId_2613,1
CustomerId_2614,0
CustomerId_2615,0
CustomerId_2616,0
CustomerId_2617,0
CustomerId_2618,1
CustomerId_2619,0
CustomerId_2621,1
CustomerId_2623,1
CustomerId_2625,1
CustomerId_2626,1
CustomerId_2627,0
CustomerId_2628,1
CustomerId_2630,1
CustomerId_2631,0
CustomerId_2632,0
CustomerId_2633,1
CustomerId_2634,0
CustomerId_2635,0
CustomerId_2636,0
CustomerId_2637,1
CustomerId_2638,0
CustomerId_2639,0
CustomerId_2641,0
CustomerId_2642,0
CustomerId_2643,0
CustomerId_2644,0
CustomerId_2645,1
CustomerId_2647,0
CustomerId_2648,0
CustomerId_2649,0
CustomerId_2651,0
CustomerId_2652,1
CustomerId_2653,0
CustomerId_2654,1
CustomerId_2655,0
CustomerId_2656,0
CustomerId_2659,0
CustomerId_2662,0
CustomerId_2663,0
CustomerId_2664,0
CustomerId_2665,1
CustomerId_2666,1
CustomerId_2667,1
CustomerId_2668,1
CustomerId_2669,1
CustomerId_2670,0
CustomerId_2671,0
CustomerId_2672,0
CustomerId_2674,0
CustomerId_2675,0
CustomerId_2676,0
CustomerId_2677,0
CustomerId_2678,0
CustomerId_2679,0
CustomerId_2681,0
CustomerId_2682,1
CustomerId_2683,0
CustomerId_2684,1
CustomerId_2685,1
CustomerId_2686,0
CustomerId_2687,0
CustomerId_2689,0
CustomerId_2690,1
CustomerId_2691,0
CustomerId_2693,0
CustomerId_2694,0
CustomerId_2696,0
CustomerId_2697,0
CustomerId_2698,1
CustomerId_2700,0
CustomerId_2701,0
CustomerId_2703,1
CustomerId_2704,0
CustomerId_2705,1
CustomerId_2706,0
CustomerId_2707,1
CustomerId_2708,0
CustomerId_2709,1
CustomerId_2710,0
CustomerId_2712,0
CustomerId_2713,0
CustomerId_2717,0
CustomerId_2719,1
CustomerId_2720,1
CustomerId_2722,1
CustomerId_2723,1
CustomerId_2724,1
CustomerId_2727,0
CustomerId_2728,0
CustomerId_2730,1
CustomerId_2731,1
CustomerId_2732,1
CustomerId_2733,0
CustomerId_2734,1
CustomerId_2735,0
CustomerId_2736,0
CustomerId_2737,0
CustomerId_2738,0
CustomerId_2739,0
CustomerId_2740,1
CustomerId_2741,1
CustomerId_2742,1
CustomerId_2743,0
CustomerId_2745,1
CustomerId_2746,0
CustomerId_2747,1
CustomerId_2749,0
CustomerId_2750,0
CustomerId_2751,1
CustomerId_2753,1
CustomerId_2754,1
CustomerId_2756,0
CustomerId_2757,1
CustomerId_2758,0
CustomerId_2759,0
CustomerId_2760,1
CustomerId_2761,0
CustomerId_2762,1
CustomerId_2764,0
CustomerId_2767,1
CustomerId_2769,1
CustomerId_2771,0
CustomerId_2772,0
CustomerId_2773,0
CustomerId_2774,0
CustomerId_2775,0
CustomerId_2776,1
CustomerId_2777,0
CustomerId_2778,0
CustomerId_2782,0
CustomerId_2783,1
CustomerId_2785,1
CustomerId_2786,1
CustomerId_2787,0
CustomerId_2788,1
CustomerId_2790,1
CustomerId_2791,0
CustomerId_2793,0
CustomerId_2794,0
CustomerId_2796,1
CustomerId_2797,0
CustomerId_2798,0
CustomerId_2799,1
CustomerId_2800,0
CustomerId_2801,1
CustomerId_2802,0
CustomerId_2803,0
CustomerId_2804,0
CustomerId_2806,1
CustomerId_2807,1
CustomerId_2808,0
CustomerId_2809,0
CustomerId_2810,1
CustomerId_2811,1
CustomerId_2812,0
CustomerId_2815,0
CustomerId_2816,0
CustomerId_2817,0
CustomerId_2818,0
CustomerId_2820,0
CustomerId_2822,0
CustomerId_2824,1
CustomerId_2825,0
CustomerId_2826,1
CustomerId_2827,0
CustomerId_2828,0
CustomerId_2829,1
CustomerId_2831,1
CustomerId_2832,1
CustomerId_2833,1
CustomerId_2834,1
CustomerId_2835,0
CustomerId_2836,0
CustomerId_2838,0
CustomerId_2839,0
CustomerId_2840,1
CustomerId_2841,0
CustomerId_2843,0
CustomerId_2844,0
CustomerId_2845,0
CustomerId_2846,0
CustomerId_2847,1
CustomerId_2849,0
CustomerId_2850,1
CustomerId_2851,1
CustomerId_2852,0
CustomerId_2853,1
CustomerId_2854,0
CustomerId_2855,0
CustomerId_2857,0
CustomerId_2858,0
CustomerId_2859,0
CustomerId_2860,1
CustomerId_2862,0
CustomerId_2864,0
CustomerId_2865,1
CustomerId_2866,0
CustomerId_2868,1
CustomerId_2869,0
CustomerId_2870,0
CustomerId_2871,0
CustomerId_2872,1
CustomerId_2874,0
CustomerId_2875,0
CustomerId_2876,0
CustomerId_2877,0
CustomerId_2878,0
CustomerId_2879,0
CustomerId_2880,1
CustomerId_2881,0
CustomerId_2883,0
CustomerId_2884,0
CustomerId_2885,0
CustomerId_2886,0
CustomerId_2887,0
CustomerId_2888,0
CustomerId_2889,1
CustomerId_2890,0
CustomerId_2892,0
CustomerId_2893,0
CustomerId_2894,1
CustomerId_2895,0
CustomerId_2896,1
CustomerId_2898,1
CustomerId_2900,1
CustomerId_2901,1
CustomerId_2902,0
CustomerId_2904,0
CustomerId_2906,1
CustomerId_2907,0
CustomerId_2908,1
CustomerId_2909,1
CustomerId_2910,0
CustomerId_2911,0
CustomerId_2912,0
CustomerId_2913,0
CustomerId_2914,0
CustomerId_2915,0
CustomerId_2917,0
CustomerId_2918,0
CustomerId_2919,0
CustomerId_2920,1
CustomerId_2921,0
CustomerId_2922,0
CustomerId_2923,0
CustomerId_2924,1
CustomerId_2925,1
CustomerId_2926,0
CustomerId_2927,1
CustomerId_2928,1
CustomerId_2930,0
CustomerId_2931,1
CustomerId_2932,0
CustomerId_2933,1
CustomerId_2934,0
CustomerId_2935,0
CustomerId_2936,0
CustomerId_2937,0
CustomerId_2938,1
CustomerId_2939,0
CustomerId_2940,0
CustomerId_2941,0
CustomerId_2943,0
CustomerId_2944,0
CustomerId_2945,1
CustomerId_2946,1
CustomerId_2947,0
CustomerId_2948,0
CustomerId_2949,1
CustomerId_2950,0
CustomerId_2953,0
CustomerId_2954,0
CustomerId_2955,0
CustomerId_2956,1
CustomerId_2957,0
CustomerId_2959,0
CustomerId_2961,0
CustomerId_2962,0
CustomerId_2963,0
CustomerId_2965,1
CustomerId_2966,0
CustomerId_2968,0
CustomerId_2969,0
CustomerId_2970,0
CustomerId_2971,0
CustomerId_2972,1
CustomerId_2973,0
CustomerId_2974,1
CustomerId_2975,0
CustomerId_2977,0
CustomerId_2979,1
CustomerId_2980,0
CustomerId_2981,0
CustomerId_2982,0
CustomerId_2983,1
CustomerId_2984,1
CustomerId_2985,0
CustomerId_2986,0
CustomerId_2987,0
CustomerId_2988,1
CustomerId_2989,0
CustomerId_2991,0
CustomerId_2992,0
CustomerId_2993,0
CustomerId_2994,0
CustomerId_2995,0
CustomerId_2996,0
CustomerId_2997,1
CustomerId_3,1
CustomerId_3000,0
CustomerId_3001,1
CustomerId_3002,0
CustomerId_3003,0
CustomerId_3004,0
CustomerId_3005,1
CustomerId_3007,0
CustomerId_3008,0
CustomerId_3009,0
CustomerId_3011,0
CustomerId_3012,0
CustomerId_3013,0
CustomerId_3014,1
CustomerId_3015,0
CustomerId_3016,0
CustomerId_3020,1
CustomerId_3022,0
CustomerId_3026,1
CustomerId_3027,0
CustomerId_3030,0
CustomerId_3031,1
CustomerId_3032,1
CustomerId_3033,0
CustomerId_3034,0
CustomerId_3035,0
CustomerId_3036,0
CustomerId_3037,1
CustomerId_3038,0
CustomerId_3040,1
CustomerId_3041,0
CustomerId_3042,1
CustomerId_3043,1
CustomerId_3044,0
CustomerId_3045,1
CustomerId_3046,0
CustomerId_3047,1
CustomerId_3048,0
CustomerId_3049,1
CustomerId_3050,1
CustomerId_3051,0
CustomerId_3052,1
CustomerId_3053,0
CustomerId_3054,0
CustomerId_3057,0
CustomerId_3058,1
CustomerId_3061,0
CustomerId_3062,1
CustomerId_3063,1
CustomerId_3064,0
CustomerId_3066,0
CustomerId_3067,0
CustomerId_3068,1
CustomerId_3069,1
CustomerId_3072,0
CustomerId_3073,1
CustomerId_3074,0
CustomerId_3075,0
CustomerId_3076,0
CustomerId_3077,0
CustomerId_3078,0
CustomerId_3079,0
CustomerId_3081,0
CustomerId_3083,1
CustomerId_3084,0
CustomerId_3085,0
CustomerId_3087,1
CustomerId_3088,0
CustomerId_3089,1
CustomerId_3090,0
CustomerId_3091,0
CustomerId_3092,0
CustomerId_3093,0
CustomerId_3096,0
CustomerId_3097,0
CustomerId_3098,1
CustomerId_3102,0
CustomerId_3103,0
CustomerId_3104,0
CustomerId_3105,0
CustomerId_3107,1
CustomerId_3109,0
CustomerId_3110,0
CustomerId_3111,0
CustomerId_3112,1
CustomerId_3113,0
CustomerId_3115,1
CustomerId_3116,0
CustomerId_3117,1
CustomerId_3118,1
CustomerId_3120,0
CustomerId_3121,0
CustomerId_3123,0
CustomerId_3124,0
CustomerId_3125,1
CustomerId_3126,1
CustomerId_3127,0
CustomerId_3128,1
CustomerId_3130,0
CustomerId_3133,0
CustomerId_3135,0
CustomerId_3137,0
CustomerId_3138,0
CustomerId_3140,1
CustomerId_3141,1
CustomerId_3143,0
CustomerId_3145,1
CustomerId_3147,0
CustomerId_3148,1
CustomerId_3149,0
CustomerId_3150,0
CustomerId_3151,0
CustomerId_3152,0
CustomerId_3153,0
CustomerId_3156,0
CustomerId_3158,1
CustomerId_3159,0
CustomerId_3160,1
CustomerId_3162,0
CustomerId_3163,0
CustomerId_3164,0
CustomerId_3165,0
CustomerId_3166,1
CustomerId_3167,0
CustomerId_3168,1
CustomerId_3169,1
CustomerId_3170,1
CustomerId_3171,1
CustomerId_3172,0
CustomerId_3174,1
CustomerId_3175,1
CustomerId_3177,0
CustomerId_3178,1
CustomerId_3179,0
CustomerId_3180,0
CustomerId_3181,0
CustomerId_3183,0
CustomerId_3184,0
CustomerId_3187,0
CustomerId_3188,1
CustomerId_3189,0
CustomerId_319,0
CustomerId_3190,0
CustomerId_3191,0
CustomerId_3192,0
CustomerId_3193,1
CustomerId_3194,1
CustomerId_3196,1
CustomerId_3197,1
CustomerId_3198,0
CustomerId_320,0
CustomerId_3200,0
CustomerId_3201,1
CustomerId_3202,0
CustomerId_3203,1
CustomerId_3204,0
CustomerId_3205,0
CustomerId_3206,1
CustomerId_3208,0
CustomerId_3209,0
CustomerId_321,1
CustomerId_3210,1
CustomerId_3211,1
CustomerId_3212,0
CustomerId_3213,0
CustomerId_3214,0
CustomerId_3215,0
CustomerId_3217,0
CustomerId_3218,1
CustomerId_3219,1
CustomerId_322,1
CustomerId_3220,1
CustomerId_3221,0
CustomerId_3222,0
CustomerId_3223,0
CustomerId_3224,0
CustomerId_3225,0
CustomerId_3226,0
CustomerId_3229,0
CustomerId_323,0
CustomerId_3230,0
CustomerId_3231,1
CustomerId_3232,0
CustomerId_3233,0
CustomerId_3234,0
CustomerId_3235,0
CustomerId_3236,1
CustomerId_3237,0
CustomerId_3238,0
CustomerId_324,1
CustomerId_3240,0
CustomerId_3241,0
CustomerId_3242,1
CustomerId_3243,0
CustomerId_3245,0
CustomerId_3246,0
CustomerId_3247,0
CustomerId_3248,0
CustomerId_3249,0
CustomerId_3250,0
CustomerId_3251,0
CustomerId_3252,0
CustomerId_3253,1
CustomerId_3254,1
CustomerId_3255,0
CustomerId_3256,1
CustomerId_3257,0
CustomerId_3258,1
CustomerId_3259,1
CustomerId_3260,0
CustomerId_3261,1
CustomerId_3262,1
CustomerId_3263,0
CustomerId_3265,0
CustomerId_3266,1
CustomerId_3267,0
CustomerId_3268,0
CustomerId_3269,0
CustomerId_327,1
CustomerId_3270,0
CustomerId_3271,1
CustomerId_3272,0
CustomerId_3273,0
CustomerId_3274,1
CustomerId_3275,1
CustomerId_3276,0
CustomerId_3278,0
CustomerId_3279,1
CustomerId_328,0
CustomerId_3280,1
CustomerId_3282,1
CustomerId_3285,0
CustomerId_3287,1
CustomerId_3288,0
CustomerId_3289,0
CustomerId_329,0
CustomerId_3290,1
CustomerId_3291,1
CustomerId_3292,0
CustomerId_3293,1
CustomerId_3294,1
CustomerId_3295,0
CustomerId_3296,0
CustomerId_3297,0
CustomerId_3298,0
CustomerId_3299,0
CustomerId_330,0
CustomerId_3301,1
CustomerId_3302,0
CustomerId_3303,1
CustomerId_3306,1
CustomerId_3307,0
CustomerId_3308,0
CustomerId_3309,0
CustomerId_331,1
CustomerId_3310,0
CustomerId_3311,1
CustomerId_3313,1
CustomerId_3314,1
CustomerId_3315,1
CustomerId_3317,0
CustomerId_3318,0
CustomerId_332,0
CustomerId_3320,0
CustomerId_3321,0
CustomerId_3322,0
CustomerId_3323,0
CustomerId_3326,0
CustomerId_3327,1
CustomerId_3328,0
CustomerId_3329,0
CustomerId_3330,0
CustomerId_3331,1
CustomerId_3332,1
CustomerId_3333,1
CustomerId_3334,1
CustomerId_3336,0
CustomerId_3339,0
CustomerId_334,1
CustomerId_3340,0
CustomerId_3341,0
CustomerId_3343,0
CustomerId_3344,0
CustomerId_3345,0
CustomerId_3346,0
CustomerId_3347,0
CustomerId_3349,1
CustomerId_335,0
CustomerId_3352,0
CustomerId_3353,0
CustomerId_3354,0
CustomerId_3355,0
CustomerId_3356,1
CustomerId_3357,0
CustomerId_3359,0
CustomerId_336,0
CustomerId_3360,1
CustomerId_3361,1
CustomerId_3363,0
CustomerId_3364,0
CustomerId_3365,0
CustomerId_3366,0
CustomerId_337,1
CustomerId_3371,0
CustomerId_3373,1
CustomerId_3374,0
CustomerId_3375,1
CustomerId_3376,1
CustomerId_3377,1
CustomerId_3378,1
CustomerId_3379,0
CustomerId_338,1
CustomerId_3380,0
CustomerId_3381,1
CustomerId_3385,0
CustomerId_3386,1
CustomerId_3387,1
CustomerId_3388,0
CustomerId_3389,0
CustomerId_3390,0
CustomerId_3391,0
CustomerId_3392,0
CustomerId_3397,0
CustomerId_3398,1
CustomerId_3399,0
CustomerId_340,1
CustomerId_3400,1
CustomerId_3401,0
CustomerId_3402,0
CustomerId_3403,0
CustomerId_3404,1
CustomerId_3405,0
CustomerId_3407,1
CustomerId_3408,1
CustomerId_341,0
CustomerId_3410,1
CustomerId_3412,1
CustomerId_3413,1
CustomerId_3414,1
CustomerId_3415,0
CustomerId_3416,1
CustomerId_3417,1
CustomerId_3418,0
CustomerId_3419,0
CustomerId_3420,0
CustomerId_3421,0
CustomerId_3422,0
CustomerId_3424,1
CustomerId_3425,1
CustomerId_3426,1
CustomerId_3427,0
CustomerId_3428,1
CustomerId_343,0
CustomerId_3430,0
CustomerId_3431,0
CustomerId_3432,1
CustomerId_3433,1
CustomerId_3434,1
CustomerId_3435,0
CustomerId_3436,1
CustomerId_3437,1
CustomerId_3438,0
CustomerId_3439,0
CustomerId_3440,0
CustomerId_3441,1
CustomerId_3442,0
CustomerId_3443,1
CustomerId_3444,1
CustomerId_3445,0
CustomerId_3447,0
CustomerId_3448,1
CustomerId_3449,0
CustomerId_345,0
CustomerId_3451,0
CustomerId_3452,0
CustomerId_3453,0
CustomerId_3454,0
CustomerId_3456,1
CustomerId_3457,1
CustomerId_3458,1
CustomerId_3459,0
CustomerId_3461,0
CustomerId_3462,1
CustomerId_3463,0
CustomerId_3464,0
CustomerId_3465,0
CustomerId_3466,1
CustomerId_3467,0
CustomerId_3468,1
CustomerId_347,1
CustomerId_3470,0
CustomerId_3471,0
CustomerId_3473,1
CustomerId_3474,0
CustomerId_3475,0
CustomerId_3476,1
CustomerId_3477,0
CustomerId_3478,0
CustomerId_3479,0
CustomerId_348,1
CustomerId_3482,1
CustomerId_3483,1
CustomerId_3485,0
CustomerId_3486,0
CustomerId_3487,0
CustomerId_3488,0
CustomerId_3489,0
CustomerId_349,0
CustomerId_3490,0
CustomerId_3491,0
CustomerId_3492,0
CustomerId_3493,0
CustomerId_3494,0
CustomerId_3495,1
CustomerId_3496,0
CustomerId_3497,1
CustomerId_3498,0
CustomerId_350,0
CustomerId_3500,1
CustomerId_3501,0
CustomerId_3503,0
CustomerId_3504,0
CustomerId_3505,0
CustomerId_3506,0
CustomerId_3507,1
CustomerId_3508,1
CustomerId_3509,0
CustomerId_351,0
CustomerId_3510,0
CustomerId_3511,0
CustomerId_3512,1
CustomerId_3513,0
CustomerId_3515,0
CustomerId_3516,1
CustomerId_3517,0
CustomerId_3519,1
CustomerId_352,0
CustomerId_3520,0
CustomerId_3521,1
CustomerId_3522,1
CustomerId_3523,1
CustomerId_3524,0
CustomerId_3525,0
CustomerId_3526,0
CustomerId_3527,1
CustomerId_3528,1
CustomerId_3530,0
CustomerId_3533,1
CustomerId_3534,1
CustomerId_3535,0
CustomerId_3536,0
CustomerId_3537,1
CustomerId_3540,0
CustomerId_3541,0
CustomerId_3542,1
CustomerId_3543,0
CustomerId_3545,1
CustomerId_3547,0
CustomerId_3548,0
CustomerId_3549,0
CustomerId_355,1
CustomerId_3550,0
CustomerId_3551,0
CustomerId_3554,1
CustomerId_3555,0
CustomerId_3556,1
CustomerId_3557,1
CustomerId_3558,0
CustomerId_3559,0
CustomerId_356,0
CustomerId_3561,0
CustomerId_3562,0
CustomerId_3564,1
CustomerId_3566,0
CustomerId_3567,0
CustomerId_3569,0
CustomerId_357,1
CustomerId_3570,1
CustomerId_3571,0
CustomerId_3572,1
CustomerId_3573,1
CustomerId_3574,1
CustomerId_3575,1
CustomerId_3577,0
CustomerId_3578,1
CustomerId_3579,0
CustomerId_3581,0
CustomerId_3582,0
CustomerId_3583,1
CustomerId_3589,1
CustomerId_359,1
CustomerId_3590,0
CustomerId_3592,0
CustomerId_3593,1
CustomerId_3595,0
CustomerId_3597,0
CustomerId_3599,0
CustomerId_3600,0
CustomerId_3601,0
CustomerId_3602,0
CustomerId_3605,0
CustomerId_3608,1
CustomerId_3609,1
CustomerId_361,1
CustomerId_3610,0
CustomerId_3611,0
CustomerId_3613,0
CustomerId_3614,0
CustomerId_3615,1
CustomerId_3616,0
CustomerId_3617,1
CustomerId_362,1
CustomerId_3621,0
CustomerId_3622,0
CustomerId_3623,0
CustomerId_3624,0
CustomerId_3625,0
CustomerId_3626,0
CustomerId_3627,1
CustomerId_3628,0
CustomerId_3629,1
CustomerId_3630,1
CustomerId_3631,0
CustomerId_3632,0
CustomerId_3633,1
CustomerId_3634,0
CustomerId_3635,0
CustomerId_3636,0
CustomerId_3637,0
CustomerId_3638,0
CustomerId_3639,1
CustomerId_3641,0
CustomerId_3642,0
CustomerId_3643,0
CustomerId_3645,0
CustomerId_3646,1
CustomerId_3647,1
CustomerId_3648,0
CustomerId_3649,0
CustomerId_3650,0
CustomerId_3651,0
CustomerId_3653,1
CustomerId_3654,0
CustomerId_3655,0
CustomerId_3656,0
CustomerId_3658,1
CustomerId_3659,1
CustomerId_366,0
CustomerId_3660,1
CustomerId_3663,0
CustomerId_3664,0
CustomerId_3665,1
CustomerId_3666,0
CustomerId_3667,0
CustomerId_3668,0
CustomerId_3670,0
CustomerId_3671,0
CustomerId_3672,0
CustomerId_3673,1
CustomerId_3678,0
CustomerId_368,0
CustomerId_3680,0
CustomerId_3681,1
CustomerId_3682,1
CustomerId_3683,0
CustomerId_3684,0
CustomerId_3685,0
CustomerId_3686,1
CustomerId_3687,0
CustomerId_3688,0
CustomerId_3689,0
CustomerId_369,0
CustomerId_3690,0
CustomerId_3691,1
CustomerId_3693,0
CustomerId_3694,0
CustomerId_3696,1
CustomerId_3697,0
CustomerId_3698,0
CustomerId_3700,1
CustomerId_3701,0
CustomerId_3703,0
CustomerId_3706,0
CustomerId_3707,0
CustomerId_3708,1
CustomerId_3711,0
CustomerId_3712,0
CustomerId_3714,0
CustomerId_3715,0
CustomerId_3716,0
CustomerId_3717,0
CustomerId_3719,0
CustomerId_3720,0
CustomerId_3721,0
CustomerId_3722,1
CustomerId_3723,0
CustomerId_3724,1
CustomerId_3725,1
CustomerId_3727,1
CustomerId_3729,0
CustomerId_373,0
CustomerId_3730,0
CustomerId_3732,0
CustomerId_3733,1
CustomerId_3734,0
CustomerId_3735,1
CustomerId_3736,0
CustomerId_3737,0
CustomerId_3738,1
CustomerId_3739,1
CustomerId_374,0
CustomerId_3741,1
CustomerId_3742,1
CustomerId_3743,1
CustomerId_3745,0
CustomerId_3746,0
CustomerId_3749,0
CustomerId_3752,1
CustomerId_3756,1
CustomerId_3758,0
CustomerId_3759,0
CustomerId_3760,0
CustomerId_3762,0
CustomerId_3763,1
CustomerId_3764,1
CustomerId_3765,0
CustomerId_3766,0
CustomerId_3767,0
CustomerId_3768,0
CustomerId_3771,0
CustomerId_3774,0
CustomerId_3777,0
CustomerId_3778,0
CustomerId_3779,0
CustomerId_378,0
CustomerId_3780,0
CustomerId_3781,0
CustomerId_3782,0
CustomerId_3785,0
CustomerId_3786,0
CustomerId_3787,0
CustomerId_3788,0
CustomerId_379,0
CustomerId_3790,0
CustomerId_3793,1
CustomerId_3794,0
CustomerId_3795,0
CustomerId_3796,1
CustomerId_3797,0
CustomerId_3799,0
CustomerId_3802,0
CustomerId_3803,0
CustomerId_3805,1
CustomerId_3806,0
CustomerId_3807,0
CustomerId_3808,0
CustomerId_3809,0
CustomerId_381,0
CustomerId_3810,0
CustomerId_3811,0
CustomerId_3812,0
CustomerId_3814,1
CustomerId_3815,0
CustomerId_3816,1
CustomerId_3817,0
CustomerId_3818,0
CustomerId_3819,0
CustomerId_382,1
CustomerId_3820,0
CustomerId_3824,1
CustomerId_3825,0
CustomerId_3826,0
CustomerId_3827,0
CustomerId_3828,0
CustomerId_3829,1
CustomerId_383,1
CustomerId_3830,1
CustomerId_3831,1
CustomerId_3834,0
CustomerId_3835,0
CustomerId_3836,1
CustomerId_3838,1
CustomerId_3839,0
CustomerId_384,1
CustomerId_3840,0
CustomerId_3841,0
CustomerId_3842,0
CustomerId_3843,0
CustomerId_3844,0
CustomerId_3845,0
CustomerId_3846,0
CustomerId_3847,1
CustomerId_3848,0
CustomerId_3850,0
CustomerId_3855,0
CustomerId_3856,0
CustomerId_3858,1
CustomerId_3859,1
CustomerId_3860,1
CustomerId_3862,0
CustomerId_3863,1
CustomerId_3864,0
CustomerId_3866,0
CustomerId_3867,0
CustomerId_3868,0
CustomerId_3869,0
CustomerId_3870,0
CustomerId_3871,1
CustomerId_3872,0
CustomerId_3873,0
CustomerId_3874,0
CustomerId_3875,0
CustomerId_3876,0
CustomerId_3877,0
CustomerId_3878,0
CustomerId_3879,0
CustomerId_388,0
CustomerId_3880,1
CustomerId_3882,0
CustomerId_3883,1
CustomerId_3885,0
CustomerId_3888,0
CustomerId_389,1
CustomerId_3890,0
CustomerId_3891,1
CustomerId_3892,0
CustomerId_3893,1
CustomerId_3894,0
CustomerId_3897,0
CustomerId_3898,1
CustomerId_390,0
CustomerId_3900,0
CustomerId_3904,1
CustomerId_3905,1
CustomerId_3906,0
CustomerId_3907,1
CustomerId_3909,0
CustomerId_391,1
CustomerId_3910,0
CustomerId_3911,1
CustomerId_3912,0
CustomerId_3913,0
CustomerId_3914,0
CustomerId_3916,1
CustomerId_3917,0
CustomerId_3919,0
CustomerId_392,0
CustomerId_3923,1
CustomerId_3925,0
CustomerId_3930,1
CustomerId_3931,0
CustomerId_3933,0
CustomerId_3934,1
CustomerId_3935,0
CustomerId_3940,1
CustomerId_3941,1
CustomerId_3942,1
CustomerId_3943,1
CustomerId_3944,0
CustomerId_3946,0
CustomerId_3947,1
CustomerId_3948,1
CustomerId_3949,1
CustomerId_395,0
CustomerId_3951,0
CustomerId_3952,0
CustomerId_3953,1
CustomerId_3954,1
CustomerId_3955,0
CustomerId_3956,0
CustomerId_3957,0
CustomerId_396,0
CustomerId_3960,1
CustomerId_3961,0
CustomerId_3964,0
CustomerId_3967,1
CustomerId_3968,1
CustomerId_3969,0
CustomerId_397,1
CustomerId_3970,0
CustomerId_3971,0
CustomerId_3973,0
CustomerId_3975,1
CustomerId_3977,0
CustomerId_3982,0
CustomerId_3984,0
CustomerId_3985,0
CustomerId_3987,0
CustomerId_3988,0
CustomerId_3989,0
CustomerId_399,0
CustomerId_3990,1
CustomerId_3993,0
CustomerId_3994,1
CustomerId_3995,1
CustomerId_3998,1
CustomerId_4,1
CustomerId_400,1
CustomerId_4000,0
CustomerId_4001,1
CustomerId_4002,0
CustomerId_4003,0
CustomerId_4005,1
CustomerId_4006,1
CustomerId_4007,0
CustomerId_4008,1
CustomerId_4009,1
CustomerId_401,0
CustomerId_4011,0
CustomerId_4012,1
CustomerId_4013,1
CustomerId_4014,0
CustomerId_4015,1
CustomerId_4016,0
CustomerId_4017,1
CustomerId_4019,0
CustomerId_402,1
CustomerId_4020,0
CustomerId_4022,0
CustomerId_4023,1
CustomerId_4025,1
CustomerId_4026,0
CustomerId_4027,1
CustomerId_4029,0
CustomerId_403,0
CustomerId_4030,1
CustomerId_4031,0
CustomerId_4033,0
CustomerId_4034,1
CustomerId_4035,0
CustomerId_4036,0
CustomerId_4038,0
CustomerId_4039,0
CustomerId_404,0
CustomerId_4040,1
CustomerId_4041,1
CustomerId_4042,1
CustomerId_4043,0
CustomerId_4044,0
CustomerId_4045,1
CustomerId_4046,0
CustomerId_4048,0
CustomerId_4049,1
CustomerId_405,0
CustomerId_4050,1
CustomerId_4051,0
CustomerId_4053,1
CustomerId_4055,0
CustomerId_4056,0
CustomerId_4058,0
CustomerId_4059,0
CustomerId_4061,0
CustomerId_4064,1
CustomerId_4065,0
CustomerId_4066,1
CustomerId_4067,0
CustomerId_4068,1
CustomerId_4069,1
CustomerId_407,0
CustomerId_4070,1
CustomerId_4071,0
CustomerId_4072,0
CustomerId_4073,0
CustomerId_4074,1
CustomerId_4075,1
CustomerId_4077,0
CustomerId_4079,1
CustomerId_408,0
CustomerId_4085,1
CustomerId_4086,0
CustomerId_4087,1
CustomerId_4089,0
CustomerId_4090,0
CustomerId_4092,0
CustomerId_4095,1
CustomerId_4097,1
CustomerId_4098,1
CustomerId_4101,0
CustomerId_4102,1
CustomerId_4103,1
CustomerId_4104,0
CustomerId_4106,0
CustomerId_4107,1
CustomerId_4108,1
CustomerId_4109,0
CustomerId_411,1
CustomerId_4112,1
CustomerId_4113,0
CustomerId_4115,1
CustomerId_4117,0
CustomerId_4118,1
CustomerId_4119,1
CustomerId_412,0
CustomerId_4120,0
CustomerId_4123,1
CustomerId_4124,0
CustomerId_4125,0
CustomerId_4127,1
CustomerId_4128,1
CustomerId_4130,0
CustomerId_4131,0
CustomerId_4132,0
CustomerId_4133,1
CustomerId_4134,1
CustomerId_4135,1
CustomerId_4136,0
CustomerId_4137,0
CustomerId_4138,1
CustomerId_4139,0
CustomerId_414,1
CustomerId_4141,0
CustomerId_4142,0
CustomerId_4143,1
CustomerId_4144,0
CustomerId_4145,0
CustomerId_4146,0
CustomerId_4148,1
CustomerId_4149,1
CustomerId_415,0
CustomerId_4150,0
CustomerId_4151,0
CustomerId_4152,0
CustomerId_4153,0
CustomerId_4154,0
CustomerId_4155,1
CustomerId_4156,0
CustomerId_4157,0
CustomerId_4158,1
CustomerId_4159,0
CustomerId_416,0
CustomerId_4160,0
CustomerId_4161,0
CustomerId_4163,1
CustomerId_4164,0
CustomerId_4165,0
CustomerId_4167,1
CustomerId_4168,0
CustomerId_4169,0
CustomerId_4170,1
CustomerId_4171,1
CustomerId_4173,0
CustomerId_4174,0
CustomerId_4175,0
CustomerId_4176,1
CustomerId_4177,0
CustomerId_4179,0
CustomerId_4180,1
CustomerId_4181,0
CustomerId_4182,0
CustomerId_4183,0
CustomerId_4184,1
CustomerId_4185,0
CustomerId_4186,0
CustomerId_4187,0
CustomerId_4188,0
CustomerId_4189,0
CustomerId_4190,1
CustomerId_4191,0
CustomerId_4192,0
CustomerId_4193,0
CustomerId_4194,1
CustomerId_4196,1
CustomerId_4197,0
CustomerId_4198,0
CustomerId_4199,1
CustomerId_420,0
CustomerId_4200,1
CustomerId_4201,0
CustomerId_4202,0
CustomerId_4203,0
CustomerId_4204,0
CustomerId_4205,0
CustomerId_4206,0
CustomerId_4207,1
CustomerId_4209,1
CustomerId_4211,1
CustomerId_4212,1
CustomerId_4213,0
CustomerId_4214,1
CustomerId_4215,1
CustomerId_4216,0
CustomerId_4218,0
CustomerId_4219,0
CustomerId_422,1
CustomerId_4220,1
CustomerId_4221,0
CustomerId_4224,0
CustomerId_4225,1
CustomerId_4226,1
CustomerId_4227,1
CustomerId_4228,0
CustomerId_4229,0
CustomerId_423,1
CustomerId_4230,1
CustomerId_4233,0
CustomerId_4234,0
CustomerId_4235,1
CustomerId_4237,0
CustomerId_4238,0
CustomerId_4239,0
CustomerId_424,1
CustomerId_4240,0
CustomerId_4241,1
CustomerId_4242,1
CustomerId_4243,0
CustomerId_4244,0
CustomerId_4245,0
CustomerId_4246,1
CustomerId_4247,0
CustomerId_4250,1
CustomerId_4252,0
CustomerId_4253,0
CustomerId_4254,0
CustomerId_4255,0
CustomerId_4256,0
CustomerId_4257,1
CustomerId_4258,1
CustomerId_4260,0
CustomerId_4261,0
CustomerId_4262,0
CustomerId_4265,0
CustomerId_4266,0
CustomerId_4267,1
CustomerId_427,1
CustomerId_4270,1
CustomerId_4272,1
CustomerId_4273,0
CustomerId_4274,0
CustomerId_4275,1
CustomerId_4276,1
CustomerId_4277,0
CustomerId_4279,0
CustomerId_428,0
CustomerId_4280,0
CustomerId_4281,0
CustomerId_4282,0
CustomerId_4283,0
CustomerId_4287,1
CustomerId_4288,1
CustomerId_4289,0
CustomerId_429,0
CustomerId_4290,0
CustomerId_4291,0
CustomerId_4294,0
CustomerId_4297,0
CustomerId_4298,0
CustomerId_4299,1
CustomerId_4300,0
CustomerId_4301,1
CustomerId_4302,1
CustomerId_4304,1
CustomerId_4305,0
CustomerId_4308,0
CustomerId_4309,0
CustomerId_431,1
CustomerId_4310,1
CustomerId_4311,0
CustomerId_4312,0
CustomerId_4313,1
CustomerId_4314,0
CustomerId_4315,0
CustomerId_4317,1
CustomerId_4318,0
CustomerId_4319,0
CustomerId_432,0
CustomerId_4321,0
CustomerId_4322,0
CustomerId_4323,0
CustomerId_4324,0
CustomerId_4325,1
CustomerId_4326,0
CustomerId_4327,0
CustomerId_4328,0
CustomerId_4329,0
CustomerId_433,1
CustomerId_4330,0
CustomerId_4332,1
CustomerId_4333,0
CustomerId_4334,0
CustomerId_4335,0
CustomerId_4336,1
CustomerId_4337,0
CustomerId_4338,0
CustomerId_4340,0
CustomerId_4341,1
CustomerId_4342,1
CustomerId_4343,1
CustomerId_4344,1
CustomerId_4346,0
CustomerId_4347,0
CustomerId_4348,0
CustomerId_4349,1
CustomerId_435,1
CustomerId_4351,1
CustomerId_4353,0
CustomerId_4355,0
CustomerId_4356,0
CustomerId_4357,0
CustomerId_4358,1
CustomerId_436,0
CustomerId_4360,0
CustomerId_4361,1
CustomerId_4362,1
CustomerId_4363,0
CustomerId_4364,1
CustomerId_4365,0
CustomerId_4367,0
CustomerId_4368,1
CustomerId_4369,0
CustomerId_437,1
CustomerId_4370,0
CustomerId_4371,0
CustomerId_4373,0
CustomerId_4374,0
CustomerId_4376,1
CustomerId_4377,0
CustomerId_4378,1
CustomerId_4379,0
CustomerId_4380,0
CustomerId_4381,0
CustomerId_4382,1
CustomerId_4383,0
CustomerId_4384,0
CustomerId_4386,1
CustomerId_4387,0
CustomerId_4388,0
CustomerId_4389,0
CustomerId_4390,0
CustomerId_4391,1
CustomerId_4392,0
CustomerId_4393,0
CustomerId_4394,1
CustomerId_4395,0
CustomerId_4396,0
CustomerId_4398,0
CustomerId_4399,0
CustomerId_440,1
CustomerId_4401,0
CustomerId_4402,1
CustomerId_4403,0
CustomerId_4406,0
CustomerId_4408,0
CustomerId_4409,1
CustomerId_4412,1
CustomerId_4413,1
CustomerId_4414,0
CustomerId_4415,1
CustomerId_4416,0
CustomerId_4417,1
CustomerId_4418,1
CustomerId_442,0
CustomerId_4420,0
CustomerId_4421,0
CustomerId_4422,1
CustomerId_4423,0
CustomerId_4424,0
CustomerId_4425,1
CustomerId_4426,0
CustomerId_4427,1
CustomerId_4428,0
CustomerId_4429,0
CustomerId_443,1
CustomerId_4430,0
CustomerId_4431,0
CustomerId_4433,0
CustomerId_4434,1
CustomerId_4435,0
CustomerId_4436,1
CustomerId_4437,0
CustomerId_4438,0
CustomerId_444,0
CustomerId_4440,1
CustomerId_4442,0
CustomerId_4443,0
CustomerId_4444,1
CustomerId_4445,0
CustomerId_4446,1
CustomerId_4447,0
CustomerId_4449,1
CustomerId_4450,0
CustomerId_4451,1
CustomerId_4453,1
CustomerId_4454,0
CustomerId_4455,0
CustomerId_4456,0
CustomerId_4457,1
CustomerId_4458,0
CustomerId_4459,1
CustomerId_446,0
CustomerId_4461,0
CustomerId_4462,0
CustomerId_4465,1
CustomerId_4466,1
CustomerId_4468,1
CustomerId_4469,0
CustomerId_447,1
CustomerId_4471,0
CustomerId_4472,0
CustomerId_4473,0
CustomerId_4476,0
CustomerId_4477,0
CustomerId_448,1
CustomerId_4481,1
CustomerId_4482,1
CustomerId_4483,1
CustomerId_4484,0
CustomerId_4485,0
CustomerId_4486,0
CustomerId_4487,0
CustomerId_4488,0
CustomerId_4489,1
CustomerId_449,0
CustomerId_4490,0
CustomerId_4492,0
CustomerId_4493,1
CustomerId_4494,1
CustomerId_4495,0
CustomerId_4497,1
CustomerId_4498,0
CustomerId_4499,0
CustomerId_450,1
CustomerId_4500,0
CustomerId_4501,0
CustomerId_4502,1
CustomerId_4504,1
CustomerId_4505,0
CustomerId_4507,1
CustomerId_4510,0
CustomerId_4512,0
CustomerId_4513,0
CustomerId_4517,1
CustomerId_4518,0
CustomerId_4519,1
CustomerId_452,1
CustomerId_4520,0
CustomerId_4524,0
CustomerId_4525,0
CustomerId_4526,0
CustomerId_4527,0
CustomerId_4528,0
CustomerId_453,0
CustomerId_4531,1
CustomerId_4532,1
CustomerId_4533,0
CustomerId_4534,1
CustomerId_4537,1
CustomerId_4538,1
CustomerId_4539,0
CustomerId_4540,0
CustomerId_4541,0
CustomerId_4542,0
CustomerId_4543,0
CustomerId_4544,1
CustomerId_4545,0
CustomerId_4546,1
CustomerId_4547,0
CustomerId_4548,0
CustomerId_4549,0
CustomerId_455,0
CustomerId_4550,0
CustomerId_4552,1
CustomerId_4553,1
CustomerId_4554,1
CustomerId_4555,0
CustomerId_4557,0
CustomerId_456,0
CustomerId_4560,0
CustomerId_4561,0
CustomerId_4562,0
CustomerId_4565,0
CustomerId_4567,1
CustomerId_4568,0
CustomerId_4569,0
CustomerId_457,0
CustomerId_4572,1
CustomerId_4573,1
CustomerId_4576,1
CustomerId_4577,0
CustomerId_4578,0
CustomerId_4579,0
CustomerId_4581,1
CustomerId_4583,0
CustomerId_4584,1
CustomerId_4585,0
CustomerId_4587,0
CustomerId_4588,0
CustomerId_4589,0
CustomerId_4590,0
CustomerId_4591,1
CustomerId_4592,1
CustomerId_4593,1
CustomerId_4595,1
CustomerId_4596,0
CustomerId_4598,1
CustomerId_46,0
CustomerId_4600,0
CustomerId_4601,0
CustomerId_4602,0
CustomerId_4603,1
CustomerId_4604,0
CustomerId_4605,0
CustomerId_4608,1
CustomerId_4609,1
CustomerId_4610,1
CustomerId_4611,1
CustomerId_4612,1
CustomerId_4613,1
CustomerId_4615,0
CustomerId_4616,0
CustomerId_4617,0
CustomerId_4619,0
CustomerId_462,0
CustomerId_4620,0
CustomerId_4622,1
CustomerId_4623,1
CustomerId_4624,0
CustomerId_4625,0
CustomerId_4626,0
CustomerId_4627,0
CustomerId_4629,0
CustomerId_4630,1
CustomerId_4632,1
CustomerId_4633,0
CustomerId_4634,0
CustomerId_4636,0
CustomerId_4637,0
CustomerId_4639,1
CustomerId_4640,1
CustomerId_4641,0
CustomerId_4642,0
CustomerId_4645,0
CustomerId_4647,0
CustomerId_4648,1
CustomerId_4649,1
CustomerId_4650,1
CustomerId_4651,0
CustomerId_4652,1
CustomerId_4653,0
CustomerId_4654,0
CustomerId_4655,0
CustomerId_4657,0
CustomerId_4658,1
CustomerId_4659,0
CustomerId_466,0
CustomerId_4660,0
CustomerId_4663,0
CustomerId_4664,0
CustomerId_4665,1
CustomerId_4666,0
CustomerId_4667,0
CustomerId_4669,0
CustomerId_467,1
CustomerId_4670,1
CustomerId_4671,0
CustomerId_4672,0
CustomerId_4673,1
CustomerId_4674,1
CustomerId_4677,1
CustomerId_4678,1
CustomerId_468,0
CustomerId_4680,1
CustomerId_4682,0
CustomerId_4683,1
CustomerId_4684,1
CustomerId_4685,0
CustomerId_4686,1
CustomerId_4687,0
CustomerId_4688,1
CustomerId_4689,0
CustomerId_4691,1
CustomerId_4693,0
CustomerId_4694,0
CustomerId_4697,0
CustomerId_4698,1
CustomerId_470,0
CustomerId_4701,0
CustomerId_4702,0
CustomerId_4703,1
CustomerId_4704,0
CustomerId_4706,1
CustomerId_4708,0
CustomerId_4709,1
CustomerId_471,0
CustomerId_4710,0
CustomerId_4711,0
CustomerId_4712,0
CustomerId_4713,0
CustomerId_4714,1
CustomerId_4715,1
CustomerId_4716,0
CustomerId_4717,0
CustomerId_4719,0
CustomerId_4721,1
CustomerId_4722,0
CustomerId_4725,0
CustomerId_4727,0
CustomerId_4728,0
CustomerId_473,1
CustomerId_4730,0
CustomerId_4732,1
CustomerId_4734,1
CustomerId_4737,0
CustomerId_4738,0
CustomerId_474,1
CustomerId_4740,1
CustomerId_4741,0
CustomerId_4742,1
CustomerId_4744,1
CustomerId_4746,1
CustomerId_4748,0
CustomerId_4749,0
CustomerId_4750,1
CustomerId_4753,0
CustomerId_4754,1
CustomerId_4755,1
CustomerId_4756,1
CustomerId_4757,0
CustomerId_4759,0
CustomerId_476,0
CustomerId_4763,1
CustomerId_4766,0
CustomerId_4768,1
CustomerId_4769,1
CustomerId_4770,1
CustomerId_4772,1
CustomerId_4773,1
CustomerId_4774,0
CustomerId_4775,0
CustomerId_4776,1
CustomerId_4777,1
CustomerId_4779,0
CustomerId_478,1
CustomerId_4781,1
CustomerId_4782,0
CustomerId_4784,0
CustomerId_4785,0
CustomerId_4786,0
CustomerId_4787,0
CustomerId_4788,1
CustomerId_4789,1
CustomerId_4790,1
CustomerId_4791,0
CustomerId_4792,1
CustomerId_4794,1
CustomerId_4796,1
CustomerId_4799,0
CustomerId_480,0
CustomerId_4801,0
CustomerId_4803,1
CustomerId_4805,0
CustomerId_4806,0
CustomerId_4808,1
CustomerId_4809,0
CustomerId_4812,0
CustomerId_4813,0
CustomerId_4814,0
CustomerId_4815,1
CustomerId_4816,0
CustomerId_4817,0
CustomerId_4818,1
CustomerId_482,0
CustomerId_4822,0
CustomerId_4823,1
CustomerId_4824,0
CustomerId_4825,0
CustomerId_4826,0
CustomerId_4827,0
CustomerId_4828,0
CustomerId_483,0
CustomerId_4830,0
CustomerId_4831,1
CustomerId_4832,0
CustomerId_4833,0
CustomerId_4834,0
CustomerId_4835,1
CustomerId_4836,1
CustomerId_4837,0
CustomerId_4838,0
CustomerId_4839,0
CustomerId_4840,0
CustomerId_4841,0
CustomerId_4843,0
CustomerId_4845,1
CustomerId_4846,0
CustomerId_4847,0
CustomerId_4848,1
CustomerId_485,1
CustomerId_4851,1
CustomerId_4854,0
CustomerId_4855,1
CustomerId_4856,1
CustomerId_4857,0
CustomerId_4858,0
CustomerId_4859,1
CustomerId_4861,0
CustomerId_4863,0
CustomerId_4864,0
CustomerId_4865,1
CustomerId_4866,0
CustomerId_4867,0
CustomerId_4868,0
CustomerId_487,0
CustomerId_4870,0
CustomerId_4872,1
CustomerId_4873,0
CustomerId_4875,1
CustomerId_4876,0
CustomerId_4877,0
CustomerId_4878,0
CustomerId_4879,0
CustomerId_488,0
CustomerId_4880,1
CustomerId_4882,0
CustomerId_4884,1
CustomerId_4887,1
CustomerId_4888,0
CustomerId_4889,0
CustomerId_489,1
CustomerId_4891,0
CustomerId_4892,0
CustomerId_4893,0
CustomerId_4894,1
CustomerId_4895,1
CustomerId_4896,0
CustomerId_4898,0
CustomerId_4900,1
CustomerId_4901,0
CustomerId_4902,0
CustomerId_4903,1
CustomerId_4904,1
CustomerId_4906,1
CustomerId_4908,0
CustomerId_491,0
CustomerId_4911,0
CustomerId_4912,0
CustomerId_4913,1
CustomerId_4915,0
CustomerId_4917,0
CustomerId_492,0
CustomerId_4920,0
CustomerId_4921,1
CustomerId_4922,1
CustomerId_4923,1
CustomerId_4924,0
CustomerId_4925,0
CustomerId_4926,0
CustomerId_4927,0
CustomerId_4928,0
CustomerId_4929,0
CustomerId_493,0
CustomerId_4931,0
CustomerId_4932,0
CustomerId_4933,0
CustomerId_4934,0
CustomerId_4935,0
CustomerId_4936,0
CustomerId_4938,0
CustomerId_4939,1
CustomerId_494,0
CustomerId_4940,1
CustomerId_4941,0
CustomerId_4942,0
CustomerId_4943,0
CustomerId_4944,0
CustomerId_4945,0
CustomerId_4946,0
CustomerId_4947,0
CustomerId_4948,1
CustomerId_4949,1
CustomerId_495,0
CustomerId_4951,0
CustomerId_4953,1
CustomerId_4954,0
CustomerId_4955,0
CustomerId_4956,0
CustomerId_4957,1
CustomerId_4958,0
CustomerId_4959,0
CustomerId_496,0
CustomerId_4961,0
CustomerId_4963,1
CustomerId_4965,1
CustomerId_4966,0
CustomerId_4968,0
CustomerId_4969,0
CustomerId_497,1
CustomerId_4970,1
CustomerId_4971,0
CustomerId_4972,1
CustomerId_4973,0
CustomerId_4976,1
CustomerId_4977,1
CustomerId_4978,0
CustomerId_4979,0
CustomerId_498,0
CustomerId_4980,0
CustomerId_4982,1
CustomerId_4983,0
CustomerId_4984,0
CustomerId_4986,0
CustomerId_4987,0
CustomerId_4989,0
CustomerId_4990,0
CustomerId_4993,1
CustomerId_4994,0
CustomerId_4997,0
CustomerId_4998,0
CustomerId_4999,0
CustomerId_5,1
CustomerId_500,1
CustomerId_5000,1
CustomerId_5001,0
CustomerId_5002,1
CustomerId_5003,0
CustomerId_5004,0
CustomerId_5006,0
CustomerId_5007,0
CustomerId_5008,0
CustomerId_5009,0
CustomerId_501,1
CustomerId_5010,0
CustomerId_5013,0
CustomerId_5014,0
CustomerId_5015,0
CustomerId_5016,0
CustomerId_5018,0
CustomerId_5019,0
CustomerId_502,0
CustomerId_5021,1
CustomerId_5022,0
CustomerId_5024,1
CustomerId_5026,0
CustomerId_5027,0
CustomerId_5028,1
CustomerId_5029,0
CustomerId_503,1
CustomerId_5030,1
CustomerId_5031,0
CustomerId_5032,0
CustomerId_5033,0
CustomerId_5034,1
CustomerId_5035,0
CustomerId_5036,0
CustomerId_5037,0
CustomerId_5039,1
CustomerId_504,1
CustomerId_5040,0
CustomerId_5041,1
CustomerId_5042,0
CustomerId_5043,0
CustomerId_5044,0
CustomerId_5045,1
CustomerId_5046,0
CustomerId_5047,0
CustomerId_5048,0
CustomerId_5049,0
CustomerId_505,1
CustomerId_5050,0
CustomerId_5051,0
CustomerId_5052,0
CustomerId_5054,0
CustomerId_5056,0
CustomerId_5057,0
CustomerId_506,1
CustomerId_5060,1
CustomerId_5061,0
CustomerId_5065,0
CustomerId_5066,1
CustomerId_5067,0
CustomerId_5068,1
CustomerId_5069,1
CustomerId_507,1
CustomerId_5073,0
CustomerId_5074,1
CustomerId_5076,0
CustomerId_508,0
CustomerId_5080,1
CustomerId_5081,0
CustomerId_5082,1
CustomerId_5085,0
CustomerId_5087,1
CustomerId_5089,1
CustomerId_509,0
CustomerId_5090,0
CustomerId_5091,1
CustomerId_5092,0
CustomerId_5094,0
CustomerId_5095,1
CustomerId_5097,0
CustomerId_5099,0
CustomerId_5100,0
CustomerId_5101,1
CustomerId_5103,0
CustomerId_5105,1
CustomerId_5106,0
CustomerId_5107,0
CustomerId_5108,0
CustomerId_511,0
CustomerId_5111,1
CustomerId_5112,1
CustomerId_5113,0
CustomerId_5115,1
CustomerId_5116,0
CustomerId_5118,0
CustomerId_5119,0
CustomerId_5120,0
CustomerId_5121,0
CustomerId_5122,1
CustomerId_5123,1
CustomerId_5124,0
CustomerId_5126,1
CustomerId_5127,1
CustomerId_5128,0
CustomerId_5129,0
CustomerId_513,1
CustomerId_5130,1
CustomerId_5131,1
CustomerId_5132,1
CustomerId_5133,1
CustomerId_5134,0
CustomerId_5137,1
CustomerId_5138,0
CustomerId_5139,1
CustomerId_514,0
CustomerId_5140,0
CustomerId_5141,1
CustomerId_5142,1
CustomerId_5145,0
CustomerId_5146,1
CustomerId_5147,0
CustomerId_5148,0
CustomerId_5149,0
CustomerId_515,0
CustomerId_5150,0
CustomerId_5152,0
CustomerId_5154,1
CustomerId_5155,0
CustomerId_5156,0
CustomerId_5157,0
CustomerId_5159,0
CustomerId_516,1
CustomerId_5160,1
CustomerId_5162,0
CustomerId_5163,1
CustomerId_5164,0
CustomerId_5165,0
CustomerId_5166,0
CustomerId_5167,0
CustomerId_5168,0
CustomerId_5169,0
CustomerId_517,0
CustomerId_5170,1
CustomerId_5171,0
CustomerId_5172,0
CustomerId_5173,0
CustomerId_5174,0
CustomerId_5175,0
CustomerId_5176,1
CustomerId_5177,0
CustomerId_5178,0
CustomerId_5179,0
CustomerId_518,0
CustomerId_5180,1
CustomerId_5181,0
CustomerId_5183,1
CustomerId_5184,0
CustomerId_5185,1
CustomerId_5186,1
CustomerId_5189,0
CustomerId_5192,0
CustomerId_5194,1
CustomerId_5196,0
CustomerId_5198,1
CustomerId_5199,1
CustomerId_520,0
CustomerId_5200,0
CustomerId_5201,1
CustomerId_5202,0
CustomerId_5203,0
CustomerId_5204,0
CustomerId_5206,1
CustomerId_5207,0
CustomerId_5208,0
CustomerId_521,0
CustomerId_5210,1
CustomerId_5211,0
CustomerId_5212,1
CustomerId_5214,1
CustomerId_5216,0
CustomerId_5218,0
CustomerId_522,1
CustomerId_5221,1
CustomerId_5223,1
CustomerId_5225,0
CustomerId_5226,0
CustomerId_5227,0
CustomerId_5229,0
CustomerId_523,1
CustomerId_5231,0
CustomerId_5232,0
CustomerId_5233,1
CustomerId_5236,0
CustomerId_5237,0
CustomerId_5238,1
CustomerId_5239,0
CustomerId_524,0
CustomerId_5240,1
CustomerId_5242,0
CustomerId_5243,1
CustomerId_5245,0
CustomerId_5246,0
CustomerId_5248,0
CustomerId_5249,0
CustomerId_525,0
CustomerId_5251,1
CustomerId_5253,1
CustomerId_5254,0
CustomerId_5255,1
CustomerId_5256,0
CustomerId_5257,1
CustomerId_5258,0
CustomerId_5259,0
CustomerId_5260,0
CustomerId_5261,0
CustomerId_5262,0
CustomerId_5263,0
CustomerId_5264,1
CustomerId_5265,0
CustomerId_5266,0
CustomerId_5267,1
CustomerId_5269,0
CustomerId_527,1
CustomerId_5271,0
CustomerId_5272,0
CustomerId_5273,0
CustomerId_5274,0
CustomerId_5276,0
CustomerId_5277,0
CustomerId_5278,0
CustomerId_528,0
CustomerId_5280,1
CustomerId_5281,0
CustomerId_5282,1
CustomerId_5283,1
CustomerId_5284,1
CustomerId_5285,0
CustomerId_5286,0
CustomerId_5287,0
CustomerId_5289,1
CustomerId_529,0
CustomerId_5290,0
CustomerId_5291,0
CustomerId_5292,0
CustomerId_5293,0
CustomerId_5294,0
CustomerId_5297,0
CustomerId_5298,0
CustomerId_530,0
CustomerId_531,0
CustomerId_532,0
CustomerId_533,0
CustomerId_5338,1
CustomerId_5339,0
CustomerId_534,1
CustomerId_535,0
CustomerId_539,0
CustomerId_540,1
CustomerId_541,0
CustomerId_542,0
CustomerId_543,1
CustomerId_544,1
CustomerId_545,1
CustomerId_546,1
CustomerId_547,1
CustomerId_549,0
CustomerId_550,0
CustomerId_551,1
CustomerId_556,0
CustomerId_557,0
CustomerId_558,0
CustomerId_559,0
CustomerId_560,1
CustomerId_561,0
CustomerId_563,0
CustomerId_565,0
CustomerId_566,1
CustomerId_567,0
CustomerId_568,1
CustomerId_571,0
CustomerId_572,0
CustomerId_573,1
CustomerId_574,0
CustomerId_575,0
CustomerId_576,0
CustomerId_577,0
CustomerId_578,1
CustomerId_581,1
CustomerId_582,0
CustomerId_583,0
CustomerId_584,0
CustomerId_585,1
CustomerId_586,1
CustomerId_587,0
CustomerId_588,1
CustomerId_590,0
CustomerId_592,0
CustomerId_593,0
CustomerId_594,0
CustomerId_595,1
CustomerId_596,1
CustomerId_598,1
CustomerId_599,1
CustomerId_6,1
CustomerId_600,1
CustomerId_601,1
CustomerId_602,1
CustomerId_603,1
CustomerId_604,1
CustomerId_605,0
CustomerId_606,0
CustomerId_607,0
CustomerId_609,0
CustomerId_610,0
CustomerId_611,1
CustomerId_612,0
CustomerId_613,1
CustomerId_614,1
CustomerId_619,0
CustomerId_620,1
CustomerId_621,0
CustomerId_622,1
CustomerId_624,0
CustomerId_625,1
CustomerId_627,1
CustomerId_629,0
CustomerId_630,1
CustomerId_633,0
CustomerId_636,0
CustomerId_638,1
CustomerId_639,1
CustomerId_640,0
CustomerId_642,0
CustomerId_643,0
CustomerId_644,1
CustomerId_645,0
CustomerId_646,0
CustomerId_647,0
CustomerId_648,0
CustomerId_650,0
CustomerId_651,1
CustomerId_652,0
CustomerId_653,0
CustomerId_654,1
CustomerId_655,0
CustomerId_656,0
CustomerId_658,0
CustomerId_660,0
CustomerId_661,0
CustomerId_662,1
CustomerId_664,0
CustomerId_665,0
CustomerId_666,1
CustomerId_667,0
CustomerId_668,1
CustomerId_670,0
CustomerId_672,1
CustomerId_673,1
CustomerId_677,0
CustomerId_679,1
CustomerId_680,0
CustomerId_681,0
CustomerId_682,0
CustomerId_683,0
CustomerId_684,1
CustomerId_687,0
CustomerId_689,0
CustomerId_690,0
CustomerId_691,0
CustomerId_692,0
CustomerId_693,1
CustomerId_694,1
CustomerId_695,1
CustomerId_696,1
CustomerId_697,1
CustomerId_698,0
CustomerId_699,0
CustomerId_7,1
CustomerId_700,0
CustomerId_701,1
CustomerId_702,0
CustomerId_703,1
CustomerId_704,1
CustomerId_705,0
CustomerId_706,0
CustomerId_707,0
CustomerId_708,0
CustomerId_709,1
CustomerId_710,1
CustomerId_711,0
CustomerId_7112,1
CustomerId_712,0
CustomerId_713,0
CustomerId_714,0
CustomerId_715,1
CustomerId_716,1
CustomerId_717,0
CustomerId_718,0
CustomerId_720,0
CustomerId_723,1
CustomerId_727,0
CustomerId_728,1
CustomerId_729,0
CustomerId_730,0
CustomerId_732,1
CustomerId_7321,1
CustomerId_7323,1
CustomerId_7324,1
CustomerId_7325,1
CustomerId_7326,0
CustomerId_7327,0
CustomerId_7328,1
CustomerId_7329,1
CustomerId_733,1
CustomerId_7331,1
CustomerId_7332,1
CustomerId_7333,0
CustomerId_7334,1
CustomerId_7335,1
CustomerId_7336,0
CustomerId_7338,0
CustomerId_7339,0
CustomerId_734,0
CustomerId_7340,1
CustomerId_7341,1
CustomerId_7343,0
CustomerId_7344,1
CustomerId_735,0
CustomerId_738,0
CustomerId_739,1
CustomerId_740,1
CustomerId_7401,0
CustomerId_7402,1
CustomerId_7403,0
CustomerId_7404,1
CustomerId_7405,0
CustomerId_7406,0
CustomerId_7407,0
CustomerId_7408,0
CustomerId_7409,0
CustomerId_7410,0
CustomerId_7411,0
CustomerId_7412,0
CustomerId_7413,0
CustomerId_7414,1
CustomerId_7415,1
CustomerId_7416,0
CustomerId_7417,0
CustomerId_7418,1
CustomerId_7419,0
CustomerId_742,1
CustomerId_7420,0
CustomerId_7421,0
CustomerId_7422,0
CustomerId_7423,0
CustomerId_7424,0
CustomerId_7425,0
CustomerId_7426,1
CustomerId_7427,1
CustomerId_7428,1
CustomerId_7429,0
CustomerId_7430,1
CustomerId_7431,0
CustomerId_7433,1
CustomerId_7434,1
CustomerId_7435,1
CustomerId_7436,1
CustomerId_7437,1
CustomerId_7438,1
CustomerId_7439,0
CustomerId_7440,1
CustomerId_7441,1
CustomerId_7442,0
CustomerId_7443,1
CustomerId_7444,1
CustomerId_7445,1
CustomerId_7446,1
CustomerId_7447,0
CustomerId_7448,1
CustomerId_745,0
CustomerId_7450,0
CustomerId_7451,1
CustomerId_7452,0
CustomerId_7453,1
CustomerId_7454,1
CustomerId_7455,0
CustomerId_7456,0
CustomerId_7457,0
CustomerId_7458,0
CustomerId_7459,0
CustomerId_746,0
CustomerId_7460,0
CustomerId_7461,0
CustomerId_7462,0
CustomerId_7463,0
CustomerId_7464,0
CustomerId_7465,0
CustomerId_7466,0
CustomerId_7467,1
CustomerId_7468,1
CustomerId_7469,1
CustomerId_7470,1
CustomerId_7471,1
CustomerId_7472,1
CustomerId_7473,1
CustomerId_7474,1
CustomerId_7475,1
CustomerId_7476,0
CustomerId_7477,1
CustomerId_7478,0
CustomerId_7479,0
CustomerId_748,1
CustomerId_749,1
CustomerId_753,1
CustomerId_754,0
CustomerId_755,1
CustomerId_756,1
CustomerId_757,1
CustomerId_759,0
CustomerId_760,0
CustomerId_761,0
CustomerId_764,0
CustomerId_767,0
CustomerId_768,1
CustomerId_770,0
CustomerId_771,0
CustomerId_773,0
CustomerId_774,0
CustomerId_775,0
CustomerId_776,0
CustomerId_778,1
CustomerId_779,1
CustomerId_780,0
CustomerId_781,1
CustomerId_784,0
CustomerId_785,0
CustomerId_786,0
CustomerId_787,1
CustomerId_789,0
CustomerId_790,0
CustomerId_791,0
CustomerId_793,0
CustomerId_794,0
CustomerId_795,0
CustomerId_797,0
CustomerId_798,0
CustomerId_799,0
CustomerId_8,1
CustomerId_800,0
CustomerId_801,0
CustomerId_802,0
CustomerId_804,1
CustomerId_806,0
CustomerId_807,1
CustomerId_808,0
CustomerId_810,0
CustomerId_812,0
CustomerId_813,1
CustomerId_814,0
CustomerId_816,1
CustomerId_821,0
CustomerId_823,0
CustomerId_824,1
CustomerId_825,1
CustomerId_826,1
CustomerId_827,1
CustomerId_828,0
CustomerId_829,1
CustomerId_830,0
CustomerId_832,1
CustomerId_834,1
CustomerId_838,1
CustomerId_839,0
CustomerId_840,0
CustomerId_841,1
CustomerId_842,1
CustomerId_843,0
CustomerId_844,1
CustomerId_845,0
CustomerId_846,0
CustomerId_847,1
CustomerId_848,1
CustomerId_851,0
CustomerId_853,0
CustomerId_854,0
CustomerId_855,0
CustomerId_856,0
CustomerId_857,0
CustomerId_858,0
CustomerId_860,0
CustomerId_861,1
CustomerId_863,1
CustomerId_864,1
CustomerId_865,0
CustomerId_867,0
CustomerId_868,1
CustomerId_870,1
CustomerId_872,0
CustomerId_873,0
CustomerId_877,1
CustomerId_880,1
CustomerId_881,1
CustomerId_882,0
CustomerId_883,1
CustomerId_884,1
CustomerId_885,1
CustomerId_887,0
CustomerId_888,1
CustomerId_889,0
CustomerId_89,0
CustomerId_890,1
CustomerId_892,1
CustomerId_893,0
CustomerId_894,0
CustomerId_895,1
CustomerId_896,1
CustomerId_898,1
CustomerId_899,1
CustomerId_9,1
CustomerId_900,0
CustomerId_903,1
CustomerId_905,0
CustomerId_906,1
CustomerId_907,1
CustomerId_908,0
CustomerId_909,0
CustomerId_911,0
CustomerId_912,0
CustomerId_913,0
CustomerId_915,1
CustomerId_916,1
CustomerId_917,0
CustomerId_919,1
CustomerId_920,0
CustomerId_921,0
CustomerId_922,0
CustomerId_923,0
CustomerId_924,0
CustomerId_925,0
CustomerId_926,0
CustomerId_927,0
CustomerId_928,1
CustomerId_929,1
CustomerId_930,1
CustomerId_931,0
CustomerId_932,0
CustomerId_934,0
CustomerId_936,0
CustomerId_938,0
CustomerId_940,0
CustomerId_942,1
CustomerId_943,0
CustomerId_944,0
CustomerId_945,0
CustomerId_946,1
CustomerId_947,0
CustomerId_948,0
CustomerId_949,1
CustomerId_951,0
CustomerId_954,0
CustomerId_957,0
CustomerId_958,1
CustomerId_959,0
CustomerId_960,0
CustomerId_961,1
CustomerId_962,0
CustomerId_963,1
CustomerId_966,0
CustomerId_967,1
CustomerId_968,0
CustomerId_969,0
CustomerId_972,0
CustomerId_974,1
CustomerId_975,1
CustomerId_977,0
CustomerId_978,1
CustomerId_979,0
CustomerId_982,0
CustomerId_986,0
CustomerId_987,1
CustomerId_988,0
CustomerId_989,0
CustomerId_990,0
CustomerId_991,0
CustomerId_992,0
CustomerId_993,0
CustomerId_994,0
CustomerId_996,1
CustomerId_998,0
